{
    "id": 3,
    "titre": "Feijoada a portuguesa",
    "description": "La feijoada n'est pas pour tout le monde, il faut aimer cette recette typiquement portugaise !",
    "ingredients": [
        "Bœuf : 150g",
        "Poitrine de porc : 150g",
        "Chispe : 1",
        "Oreille de porc : 1",        
        "Saucisse de viande : 1",        
        "Boudin noir : 1",        
        "Haricots rouges : 2 grandes boîtes",
        "Chou de Savoie : 1/4",
        "Carottes : 2",  
        "Oignons : 2",
        "Gousses d'ail : 2",
        "Huile d'olive : 3 cuillères à soupe",
        "Sel et poivre : au goût"
    ],
    "etapes": [
        "Cuire la viande et les saucisses dans une casserole d'eau, puis les retirer, les égoutter et les réserver.",
        "Éplucher les oignons et l'ail, les hacher et les faire revenir dans une poêle avec l'huile d'olive. Ajouter les carottes coupées en demi-lunes, les haricots égouttés et bien mélanger.",
        "Ajouter toute la viande coupée en morceaux et un peu d'eau et porter à ébullition.", 
        "Enfin, ajuster le sel, assaisonner avec un peu de poivre, ajouter le chou coupé en morceaux et faire cuire encore 10 minutes. Servir immédiatement."]
}